-- --------------------------------------------------------
-- Host:                         127.0.0.1
-- Server version:               5.6.12-log - MySQL Community Server (GPL)
-- Server OS:                    Win64
-- HeidiSQL Version:             8.3.0.4694
-- --------------------------------------------------------

/*!40101 SET @OLD_CHARACTER_SET_CLIENT=@@CHARACTER_SET_CLIENT */;
/*!40101 SET NAMES utf8 */;
/*!40014 SET @OLD_FOREIGN_KEY_CHECKS=@@FOREIGN_KEY_CHECKS, FOREIGN_KEY_CHECKS=0 */;
/*!40101 SET @OLD_SQL_MODE=@@SQL_MODE, SQL_MODE='NO_AUTO_VALUE_ON_ZERO' */;
-- Dumping data for table prac1.answers1s: ~250 rows (approximately)
/*!40000 ALTER TABLE `answers1s` DISABLE KEYS */;
INSERT INTO `answers1s` (`id`, `survey_id`, `question_id`, `ans`) VALUES
	(1, 3601074, 1, 2),
	(2, 3601074, 2, 3),
	(3, 3601074, 3, 4),
	(4, 3601074, 4, 3),
	(5, 3601074, 5, 1),
	(6, 3601074, 6, 1),
	(7, 3601074, 7, 1),
	(8, 3601074, 8, 3),
	(9, 3601074, 9, 1),
	(10, 3601074, 10, 2),
	(11, 3601074, 11, 1),
	(12, 3601074, 12, 4),
	(13, 3601074, 13, 2),
	(14, 3601074, 14, 4),
	(15, 3601074, 15, 2),
	(16, 3601074, 16, 3),
	(17, 3601074, 17, 1),
	(18, 3601074, 18, 3),
	(19, 3601074, 19, 3),
	(20, 3601074, 20, 4),
	(21, 3601074, 21, 3),
	(22, 3601074, 22, 2),
	(23, 3601074, 23, 1),
	(24, 3601074, 24, 4),
	(25, 3601074, 25, 1),
	(26, 65457153, 1, 1),
	(27, 65457153, 2, 3),
	(28, 65457153, 3, 1),
	(29, 65457153, 4, 4),
	(30, 65457153, 5, 1),
	(31, 65457153, 6, 4),
	(32, 65457153, 7, 2),
	(33, 65457153, 8, 2),
	(34, 65457153, 9, 2),
	(35, 65457153, 10, 1),
	(36, 65457153, 11, 4),
	(37, 65457153, 12, 4),
	(38, 65457153, 13, 1),
	(39, 65457153, 14, 1),
	(40, 65457153, 15, 2),
	(41, 65457153, 16, 3),
	(42, 65457153, 17, 3),
	(43, 65457153, 18, 2),
	(44, 65457153, 19, 2),
	(45, 65457153, 20, 2),
	(46, 65457153, 21, 2),
	(47, 65457153, 22, 4),
	(48, 65457153, 23, 2),
	(49, 65457153, 24, 3),
	(50, 65457153, 25, 3),
	(51, 74908447, 1, 3),
	(52, 74908447, 2, 3),
	(53, 74908447, 3, 4),
	(54, 74908447, 4, 1),
	(55, 74908447, 5, 4),
	(56, 74908447, 6, 2),
	(57, 74908447, 7, 1),
	(58, 74908447, 8, 1),
	(59, 74908447, 9, 3),
	(60, 74908447, 10, 3),
	(61, 74908447, 11, 3),
	(62, 74908447, 12, 4),
	(63, 74908447, 13, 1),
	(64, 74908447, 14, 3),
	(65, 74908447, 15, 3),
	(66, 74908447, 16, 1),
	(67, 74908447, 17, 1),
	(68, 74908447, 18, 2),
	(69, 74908447, 19, 3),
	(70, 74908447, 20, 4),
	(71, 74908447, 21, 4),
	(72, 74908447, 22, 2),
	(73, 74908447, 23, 3),
	(74, 74908447, 24, 2),
	(75, 74908447, 25, 1),
	(76, 2120971, 1, 1),
	(77, 2120971, 2, 3),
	(78, 2120971, 3, 4),
	(79, 2120971, 4, 1),
	(80, 2120971, 5, 2),
	(81, 2120971, 6, 4),
	(82, 2120971, 7, 3),
	(83, 2120971, 8, 1),
	(84, 2120971, 9, 1),
	(85, 2120971, 10, 1),
	(86, 2120971, 11, 2),
	(87, 2120971, 12, 1),
	(88, 2120971, 13, 1),
	(89, 2120971, 14, 3),
	(90, 2120971, 15, 4),
	(91, 2120971, 16, 1),
	(92, 2120971, 17, 3),
	(93, 2120971, 18, 2),
	(94, 2120971, 19, 2),
	(95, 2120971, 20, 4),
	(96, 2120971, 21, 4),
	(97, 2120971, 22, 3),
	(98, 2120971, 23, 2),
	(99, 2120971, 24, 3),
	(100, 2120971, 25, 3),
	(101, 31909179, 1, 4),
	(102, 31909179, 2, 3),
	(103, 31909179, 3, 2),
	(104, 31909179, 4, 4),
	(105, 31909179, 5, 1),
	(106, 31909179, 6, 2),
	(107, 31909179, 7, 2),
	(108, 31909179, 8, 2),
	(109, 31909179, 9, 4),
	(110, 31909179, 10, 2),
	(111, 31909179, 11, 1),
	(112, 31909179, 12, 1),
	(113, 31909179, 13, 2),
	(114, 31909179, 14, 4),
	(115, 31909179, 15, 3),
	(116, 31909179, 16, 4),
	(117, 31909179, 17, 2),
	(118, 31909179, 18, 2),
	(119, 31909179, 19, 4),
	(120, 31909179, 20, 1),
	(121, 31909179, 21, 4),
	(122, 31909179, 22, 1),
	(123, 31909179, 23, 3),
	(124, 31909179, 24, 3),
	(125, 31909179, 25, 2),
	(126, 73892211, 1, 3),
	(127, 73892211, 2, 1),
	(128, 73892211, 3, 4),
	(129, 73892211, 4, 3),
	(130, 73892211, 5, 1),
	(131, 73892211, 6, 2),
	(132, 73892211, 7, 1),
	(133, 73892211, 8, 3),
	(134, 73892211, 9, 2),
	(135, 73892211, 10, 3),
	(136, 73892211, 11, 4),
	(137, 73892211, 12, 3),
	(138, 73892211, 13, 2),
	(139, 73892211, 14, 1),
	(140, 73892211, 15, 3),
	(141, 73892211, 16, 1),
	(142, 73892211, 17, 1),
	(143, 73892211, 18, 1),
	(144, 73892211, 19, 1),
	(145, 73892211, 20, 1),
	(146, 73892211, 21, 4),
	(147, 73892211, 22, 2),
	(148, 73892211, 23, 4),
	(149, 73892211, 24, 2),
	(150, 73892211, 25, 2),
	(151, 57025146, 1, 2),
	(152, 57025146, 2, 3),
	(153, 57025146, 3, 3),
	(154, 57025146, 4, 4),
	(155, 57025146, 5, 4),
	(156, 57025146, 6, 4),
	(157, 57025146, 7, 2),
	(158, 57025146, 8, 4),
	(159, 57025146, 9, 3),
	(160, 57025146, 10, 3),
	(161, 57025146, 11, 4),
	(162, 57025146, 12, 3),
	(163, 57025146, 13, 3),
	(164, 57025146, 14, 3),
	(165, 57025146, 15, 2),
	(166, 57025146, 16, 4),
	(167, 57025146, 17, 4),
	(168, 57025146, 18, 2),
	(169, 57025146, 19, 4),
	(170, 57025146, 20, 2),
	(171, 57025146, 21, 2),
	(172, 57025146, 22, 4),
	(173, 57025146, 23, 4),
	(174, 57025146, 24, 1),
	(175, 57025146, 25, 4),
	(176, 71005249, 1, 1),
	(177, 71005249, 2, 4),
	(178, 71005249, 3, 1),
	(179, 71005249, 4, 3),
	(180, 71005249, 5, 1),
	(181, 71005249, 6, 2),
	(182, 71005249, 7, 3),
	(183, 71005249, 8, 3),
	(184, 71005249, 9, 1),
	(185, 71005249, 10, 4),
	(186, 71005249, 11, 1),
	(187, 71005249, 12, 2),
	(188, 71005249, 13, 2),
	(189, 71005249, 14, 1),
	(190, 71005249, 15, 2),
	(191, 71005249, 16, 3),
	(192, 71005249, 17, 4),
	(193, 71005249, 18, 4),
	(194, 71005249, 19, 3),
	(195, 71005249, 20, 2),
	(196, 71005249, 21, 3),
	(197, 71005249, 22, 3),
	(198, 71005249, 23, 1),
	(199, 71005249, 24, 2),
	(200, 71005249, 25, 4),
	(201, 67053222, 1, 3),
	(202, 67053222, 2, 3),
	(203, 67053222, 3, 1),
	(204, 67053222, 4, 4),
	(205, 67053222, 5, 2),
	(206, 67053222, 6, 2),
	(207, 67053222, 7, 3),
	(208, 67053222, 8, 1),
	(209, 67053222, 9, 4),
	(210, 67053222, 10, 2),
	(211, 67053222, 11, 1),
	(212, 67053222, 12, 4),
	(213, 67053222, 13, 2),
	(214, 67053222, 14, 4),
	(215, 67053222, 15, 2),
	(216, 67053222, 16, 3),
	(217, 67053222, 17, 1),
	(218, 67053222, 18, 2),
	(219, 67053222, 19, 2),
	(220, 67053222, 20, 2),
	(221, 67053222, 21, 2),
	(222, 67053222, 22, 4),
	(223, 67053222, 23, 4),
	(224, 67053222, 24, 2),
	(225, 67053222, 25, 1),
	(226, 80569458, 1, 2),
	(227, 80569458, 2, 2),
	(228, 80569458, 3, 3),
	(229, 80569458, 4, 3),
	(230, 80569458, 5, 4),
	(231, 80569458, 6, 2),
	(232, 80569458, 7, 1),
	(233, 80569458, 8, 3),
	(234, 80569458, 9, 3),
	(235, 80569458, 10, 3),
	(236, 80569458, 11, 2),
	(237, 80569458, 12, 2),
	(238, 80569458, 13, 4),
	(239, 80569458, 14, 3),
	(240, 80569458, 15, 4),
	(241, 80569458, 16, 3),
	(242, 80569458, 17, 4),
	(243, 80569458, 18, 4),
	(244, 80569458, 19, 2),
	(245, 80569458, 20, 1),
	(246, 80569458, 21, 4),
	(247, 80569458, 22, 4),
	(248, 80569458, 23, 2),
	(249, 80569458, 24, 3),
	(250, 80569458, 25, 3),
	(251, 98455811, 1, 1),
	(252, 98455811, 2, 1),
	(253, 98455811, 3, 1),
	(254, 98455811, 4, 1),
	(255, 98455811, 5, 2),
	(256, 98455811, 6, 2),
	(257, 98455811, 7, 2),
	(258, 98455811, 8, 2),
	(259, 98455811, 9, 2),
	(260, 98455811, 10, 2),
	(261, 98455811, 11, 2),
	(262, 98455811, 12, 2),
	(263, 98455811, 13, 2),
	(264, 98455811, 14, 3),
	(265, 98455811, 15, 3),
	(266, 98455811, 16, 3),
	(267, 98455811, 17, 3),
	(268, 98455811, 18, 3),
	(269, 98455811, 19, 3),
	(270, 98455811, 20, 3),
	(271, 98455811, 21, 4),
	(272, 98455811, 22, 4),
	(273, 98455811, 23, 4),
	(274, 98455811, 24, 4),
	(275, 98455811, 25, 4);
/*!40000 ALTER TABLE `answers1s` ENABLE KEYS */;

-- Dumping data for table prac1.answers2s: ~20 rows (approximately)
/*!40000 ALTER TABLE `answers2s` DISABLE KEYS */;
INSERT INTO `answers2s` (`id`, `survey_id`, `question_id`, `ans`) VALUES
	(1, 3601074, 26, 'user 344207 : ans ques no. 26'),
	(2, 3601074, 27, 'user 344207 : ans ques no. 27'),
	(3, 65457153, 26, 'user 436035 : ans ques no. 26'),
	(4, 65457153, 27, 'user 436035 : ans ques no. 27'),
	(5, 74908447, 26, 'user 880279 : ans ques no. 26'),
	(6, 74908447, 27, 'user 880279 : ans ques no. 27'),
	(7, 2120971, 26, 'user 419616 : ans ques no. 26'),
	(8, 2120971, 27, 'user 419616 : ans ques no. 27'),
	(9, 31909179, 26, 'user 91644 : ans ques no. 26'),
	(10, 31909179, 27, 'user 91644 : ans ques no. 27'),
	(11, 73892211, 26, 'user 486694 : ans ques no. 26'),
	(12, 73892211, 27, 'user 486694 : ans ques no. 27'),
	(13, 57025146, 26, 'user 224395 : ans ques no. 26'),
	(14, 57025146, 27, 'user 224395 : ans ques no. 27'),
	(15, 71005249, 26, 'user 773986 : ans ques no. 26'),
	(16, 71005249, 27, 'user 773986 : ans ques no. 27'),
	(17, 67053222, 26, 'user 243377 : ans ques no. 26'),
	(18, 67053222, 27, 'user 243377 : ans ques no. 27'),
	(19, 80569458, 26, 'user 261962 : ans ques no. 26'),
	(20, 80569458, 27, 'user 261962 : ans ques no. 27'),
	(21, 98455811, 26, 'a'),
	(22, 98455811, 27, 'a');
/*!40000 ALTER TABLE `answers2s` ENABLE KEYS */;

-- Dumping data for table prac1.campuses: ~23 rows (approximately)
/*!40000 ALTER TABLE `campuses` DISABLE KEYS */;
INSERT INTO `campuses` (`id`, `name`, `code`) VALUES
	(1, 'UiTM Shah Alam', 'SA'),
	(2, 'UiTM Puncak Alam', 'ML'),
	(3, 'UiTM Puncak Perdana', NULL),
	(4, 'UiTM Jalan Othman', NULL),
	(5, 'UiTM Hospital Selayang', NULL),
	(6, 'UiTM Johor', NULL),
	(7, 'UiTM Johor Bahru', NULL),
	(8, 'UiTM Kedah', NULL),
	(9, 'UiTM Kelantan', NULL),
	(10, 'UiTM Kota Bharu', NULL),
	(11, 'UiTM Melaka', NULL),
	(12, 'UiTM Bandaraya Melaka', NULL),
	(13, 'UiTM Negeri Sembilan', NULL),
	(14, 'UiTM Pahang', NULL),
	(15, 'UiTM Kuantan', NULL),
	(16, 'UiTM Perak', NULL),
	(17, 'UiTM Perlis', NULL),
	(18, 'UiTM Pulau Pinang', NULL),
	(19, 'UiTM Sabah', NULL),
	(20, 'UiTM Tawau', NULL),
	(21, 'UiTM Sarawak', NULL),
	(22, 'UiTM Kuching', NULL),
	(23, 'UiTM Terengganu', NULL),
	(24, 'UiTM Kuala Terengganu', NULL),
	(25, 'UiTM Besut', NULL);
/*!40000 ALTER TABLE `campuses` ENABLE KEYS */;

-- Dumping data for table prac1.courses: ~4 rows (approximately)
/*!40000 ALTER TABLE `courses` DISABLE KEYS */;
INSERT INTO `courses` (`id`, `program_id`, `code`, `name`) VALUES
	(550225, 225, 'ITT550', 'Network Design'),
	(550231, 231, 'ITT550', 'Network Design'),
	(650225, 225, 'CSP650', 'Project'),
	(650231, 231, 'CSP650', 'Project');
/*!40000 ALTER TABLE `courses` ENABLE KEYS */;

-- Dumping data for table prac1.courses_users: ~3 rows (approximately)
/*!40000 ALTER TABLE `courses_users` DISABLE KEYS */;
INSERT INTO `courses_users` (`id`, `user_id`, `course_id`) VALUES
	(3, 3, 650231),
	(4, 3, 550225),
	(5, 5, 550231);
/*!40000 ALTER TABLE `courses_users` ENABLE KEYS */;

-- Dumping data for table prac1.faculties: ~27 rows (approximately)
/*!40000 ALTER TABLE `faculties` DISABLE KEYS */;
INSERT INTO `faculties` (`id`, `name`, `code`) VALUES
	(1, 'Fakulti Undang-Undang', ''),
	(2, 'Fakulti Perakaunan', ''),
	(3, 'Fakulti Pentadbiran & Pengajian Polisi', ''),
	(4, 'Fakulti Pengurusan Perniagaan', ''),
	(5, 'Fakulti Kejuruteraan Awam', ''),
	(6, 'Fakulti Kejuruteraan Elektrik', ''),
	(7, 'Fakulti Kejuruteraan Mekanikal', ''),
	(8, 'Fakulti Kejuruteraan Kimia', ''),
	(9, 'Fakulti Seni Bina Perancangan & Ukur', ''),
	(10, 'Fakulti Seni Persembahan', ''),
	(11, 'Fakulti Seni Lukis & Seni Reka', ''),
	(12, 'Fakulti Perubatan', ''),
	(13, 'Fakulti Farmasi', ''),
	(14, 'Fakulti Sains Kesihatan', ''),
	(15, 'Fakulti Pergigian', ''),
	(16, 'Fakulti Pengurusan Maklumat', ''),
	(17, 'Fakulti Pengurusan & Teknologi Pejabat', ''),
	(18, 'Fakulti Komunikasi dan Pengajian Media', ''),
	(19, 'Fakulti Pengurusan Hotel & Pelancongan', ''),
	(20, 'Fakulti Teknologi Kreatif Dan Artistik', ''),
	(21, 'Fakulti Sains Gunaan', ''),
	(22, 'Fakulti Sains Sukan Dan Rekreasi', ''),
	(23, 'Fakulti Teknologi Maklumat & Sains Kuantitatif', ''),
	(24, 'Fakulti Pendidikan', ''),
	(25, 'Akademi Pengajian Bahasa', ''),
	(26, 'Pusat Pendidikan Antarabangsa', ''),
	(27, 'Pusat Pemikiran Dan Pemahaman Islam', '');
/*!40000 ALTER TABLE `faculties` ENABLE KEYS */;

-- Dumping data for table prac1.groups: ~4 rows (approximately)
/*!40000 ALTER TABLE `groups` DISABLE KEYS */;
INSERT INTO `groups` (`id`, `course_id`, `name`) VALUES
	(1, 650231, 'CS2316A'),
	(2, 550231, 'CS2316A'),
	(3, 550225, 'CS2256A'),
	(4, 650225, 'CS2256A');
/*!40000 ALTER TABLE `groups` ENABLE KEYS */;

-- Dumping data for table prac1.groups_users: ~13 rows (approximately)
/*!40000 ALTER TABLE `groups_users` DISABLE KEYS */;
INSERT INTO `groups_users` (`id`, `user_id`, `group_id`, `stats`) VALUES
	(42, 7, 1, 1),
	(43, 1, 1, 1),
	(44, 7, 2, 0),
	(45, 344207, 1, 1),
	(46, 436035, 1, 1),
	(47, 880279, 1, 1),
	(48, 419616, 1, 1),
	(49, 91644, 1, 1),
	(50, 486694, 1, 1),
	(51, 224395, 1, 1),
	(52, 773986, 1, 1),
	(53, 243377, 1, 1),
	(54, 261962, 1, 1);
/*!40000 ALTER TABLE `groups_users` ENABLE KEYS */;

-- Dumping data for table prac1.programs: ~2 rows (approximately)
/*!40000 ALTER TABLE `programs` DISABLE KEYS */;
INSERT INTO `programs` (`id`, `faculty_id`, `code`, `name`) VALUES
	(225, 1, 'CS225', 'Networking'),
	(231, 1, 'CS231', 'Netcentric Computing');
/*!40000 ALTER TABLE `programs` ENABLE KEYS */;

-- Dumping data for table prac1.questions: ~27 rows (approximately)
/*!40000 ALTER TABLE `questions` DISABLE KEYS */;
INSERT INTO `questions` (`id`, `ques`, `quesbi`) VALUES
	(1, 'Saya berminat dengan kursus ini.\n', 'I am interested in this course.'),
	(2, 'Saya sentiasa hadir ke sesi syarahan/tutorial/makmal/studio/kerja lapangan untuk kursus ini.\n', 'I am always present during all lecture/tutorial/studio/fieldwork sessions for this course.'),
	(3, 'Saya sentiasa bersedia untuk setiap sesi syarahan/tutorial/makmal/studio/kerja lapangan untuk kursus ini.\n', 'I am always prepared for every lecture/tutorial/laboratory/studio/fieldwork sessions for this course.'),
	(4, 'Pensyarah memaklumkan perancangan pengajaran/skema kerja kepada pelajar.\n', 'The lecturer informs the students about the teaching plan/scheme of work for this course.'),
	(5, 'Pensyarah menerangkan dengan jelas tentang hasil kursus dan pembelajaran kepada pelajar.\n', 'The lecturer provides a clear explanation about the course outcomes and the learning outcomes to the students.'),
	(6, 'Pensyarah menerangkan cara penilaian kursus dengan jelas kepada pelajar.\n', 'The lecturer clearly explains to the students the assessment procedure for this course.'),
	(7, 'Pensyarah mengendalikan sesi syarahan/tutorial/makmal/studio/klinikal/kerja lapangan yang ditangguhkan.', 'The lecturer conducts lecture/tutorial/laboratory/studio/clinical/fieldwork sessions based on the teaching plan for this course.'),
	(8, 'Pensyarah memenuhi waktu pengajaran yang dijadualkan.', 'The lecturer observes the scheduled training hours for this course.'),
	(9, 'Pensyarah menggantikan setiap sesi syarahan/tutorial/makmal/studio/klinikal/kerja lapangan yang ditangguhkan.\n(Sekiranya pensyarah tidak pernah menangguhkan kelas, sila abaikan soalan ini.)\n', 'The lecturer replaces every lecture/tutorial/laboratory/studio/clinical/field work sessions which has been postponed.\n(If lecturer never postpones lecture, do not answer this question.)'),
	(10, 'Pensyarah mengambil berat tentang kehadiran pelajar.', 'The lecturer is concerned about the students attendance.'),
	(11, 'Pensyarah menggunakan Bahasa Inggeris sebagai bahasa pengantar semasa kuliah (jika berkaitan).\n', 'The lecturer uses English language during lectures (where applicable).'),
	(12, 'Pensyarah sentiasa bersedia untuk setiap sesi pertemuan/pengajaran.', 'The lecturer is always prepared for every meeting/lecture.'),
	(13, 'Pensyarah berusaha untuk membantu pelajar untuk memahami pelajaran.', 'The lecturer makes effort to help students understand the lessons.'),
	(14, 'Pensyarah menggunakan/mencadangkan bahan pengajaran/pembelajaran/rujukan yang sesuai.', 'The lecturer uses/suggests suitable teaching aids/references.'),
	(15, 'Pensyarah menggunakan kaedah penyampaian yang sesuai dan berkesan.', 'The lecturer uses effective and appropriate teaching techniques.'),
	(16, 'Pensyarah menggalakkan pelajar bertanya soalan dan mengemukakan pendapat.', 'The lecturer encourages the students to ask questions and give opinions.'),
	(17, 'Pensyarah bersedia memberi bimbingan akademik kepada pelajar.', 'The lecturer is prepared to provide academic guidance to students.'),
	(18, 'Pensyarah memberi ujian/penilaian/tugasan yang sesuai dengan hasil pembelajaran dan hasil kusus.', 'The lecturer gives tests/evaluation/assignments in line with the learning and course outcomes.'),
	(19, 'Pensyarah memaklumkan setiap hasil penilaian kepada pelajar.\n', 'The lecturer informs every assessment results to the students.'),
	(20, 'Pensyarah berpakaian kemas dan sopan.\n', 'The lecturer is appropriately attired.'),
	(21, 'Pensyarah membincangkan isu-isu yang relevan dengan bidang semasa sesi pertemuan rasmi.\n', 'The lecturer discusses relevant issues pertaining to the course during lectures.'),
	(22, 'Pensyarah mudah dihubungi untuk perbincangan.\n', 'The lecturer is easily contactable for discussions.'),
	(23, 'Secara keseluruhannya, saya berpuas hati dengan pengajaran pensyarah ini.', 'In general, I am satisfied with the lecturers teaching.'),
	(24, 'Kelengkapan ruang kondusif untuk pembelajaran dan pengajaran.\n', 'The space is conducive for teaching and learning.'),
	(25, 'Kelengkapan dan peralatan pengajaran bagi kursus ini mencukupi dan berfungsi.\n', 'The teaching and learning equipments are adequate and functioning.'),
	(26, 'Nyatakan apa yang anda suka tentang kursus ini.\n', 'State what you like about this course.'),
	(27, 'Cadangkan aspek penambahbaikan untuk kursus ini.', 'Suggest improvements to aspects of the course.');
/*!40000 ALTER TABLE `questions` ENABLE KEYS */;

-- Dumping data for table prac1.scores: ~0 rows (approximately)
/*!40000 ALTER TABLE `scores` DISABLE KEYS */;
/*!40000 ALTER TABLE `scores` ENABLE KEYS */;

-- Dumping data for table prac1.semesters: ~2 rows (approximately)
/*!40000 ALTER TABLE `semesters` DISABLE KEYS */;
INSERT INTO `semesters` (`id`, `startmonth`, `startyear`, `endmonth`, `endyear`) VALUES
	(20131, 'Sept', '2013', 'Jan', '2014'),
	(20141, 'Mac', '2014', 'Jun', '2014');
/*!40000 ALTER TABLE `semesters` ENABLE KEYS */;

-- Dumping data for table prac1.surveys: ~16 rows (approximately)
/*!40000 ALTER TABLE `surveys` DISABLE KEYS */;
INSERT INTO `surveys` (`id`, `user_id`, `course_id`, `semester_id`, `group_id`) VALUES
	(5, 3, 550225, 20131, 3),
	(6, 3, 650231, 20131, 1),
	(7, 5, 550231, 20131, 2),
	(2120971, 419616, 650231, 20131, 1),
	(3601074, 344207, 650231, 20131, 1),
	(31909179, 91644, 650231, 20131, 1),
	(57025146, 224395, 650231, 20131, 1),
	(65457153, 436035, 650231, 20131, 1),
	(67053222, 243377, 650231, 20131, 1),
	(71005249, 773986, 650231, 20131, 1),
	(73892211, 486694, 650231, 20131, 1),
	(74908447, 880279, 650231, 20131, 1),
	(80569458, 261962, 650231, 20131, 1),
	(98455811, 7, 650231, 20131, 1),
	(98455812, 1, 650231, 20131, 1),
	(98455813, 7, 550231, 20131, 2);
/*!40000 ALTER TABLE `surveys` ENABLE KEYS */;

-- Dumping data for table prac1.users: ~16 rows (approximately)
/*!40000 ALTER TABLE `users` DISABLE KEYS */;
INSERT INTO `users` (`id`, `faculty_id`, `campus_id`, `uid`, `pswd`, `fname`, `role`, `addrs`, `nric`, `email`, `gender`) VALUES
	(1, 23, 1, 111111, '123456', 'Sayyid Haziq Bin Rosfan', 3, NULL, NULL, NULL, NULL),
	(2, 23, 1, 222222, '123456', 'Zerajmahal Binti Biansing', 3, NULL, NULL, NULL, NULL),
	(3, 23, 1, 99901, '123456', 'Jamaliah Binti Taslim', 2, NULL, NULL, NULL, NULL),
	(5, 23, 1, 99902, '123456', 'Shapina Binti Abdullah', 2, NULL, NULL, NULL, NULL),
	(6, 23, 1, 999999, 'admin', 'Administrator 001', 1, NULL, NULL, NULL, NULL),
	(7, 23, 1, 2011145931, '123456', 'Syafiq Azwan', 3, NULL, NULL, NULL, NULL),
	(91644, 23, 1, 91644, '123456', 'user 91644', 3, NULL, NULL, NULL, NULL),
	(224395, 23, 1, 224395, '123456', 'user 224395', 3, NULL, NULL, NULL, NULL),
	(243377, 23, 1, 243377, '123456', 'user 243377', 3, NULL, NULL, NULL, NULL),
	(261962, 23, 1, 261962, '123456', 'user 261962', 3, NULL, NULL, NULL, NULL),
	(344207, 23, 1, 344207, '123456', 'user 344207', 3, NULL, NULL, NULL, NULL),
	(419616, 23, 1, 419616, '123456', 'user 419616', 3, NULL, NULL, NULL, NULL),
	(436035, 23, 1, 436035, '123456', 'user 436035', 3, NULL, NULL, NULL, NULL),
	(486694, 23, 1, 486694, '123456', 'user 486694', 3, NULL, NULL, NULL, NULL),
	(773986, 23, 1, 773986, '123456', 'user 773986', 3, NULL, NULL, NULL, NULL),
	(880279, 23, 1, 880279, '123456', 'user 880279', 3, NULL, NULL, NULL, NULL);
/*!40000 ALTER TABLE `users` ENABLE KEYS */;
/*!40101 SET SQL_MODE=IFNULL(@OLD_SQL_MODE, '') */;
/*!40014 SET FOREIGN_KEY_CHECKS=IF(@OLD_FOREIGN_KEY_CHECKS IS NULL, 1, @OLD_FOREIGN_KEY_CHECKS) */;
/*!40101 SET CHARACTER_SET_CLIENT=@OLD_CHARACTER_SET_CLIENT */;
